{
  "name": "requirejs",
  "version": "2.1.10",
  "homepage": "http://requirejs.org",
  "authors": [
    "jrburke.com"
  ],
  "description": "A file and module loader for JavaScript",
  "main": "require.js",
  "keywords": [
    "AMD"
  ],
  "license": "new BSD, and MIT",
  "_release": "2.1.10",
  "_resolution": {
    "type": "version",
    "tag": "2.1.10",
    "commit": "d0f43bcc160a56757f091cd3e2c6da50e9968958"
  },
  "_source": "git://github.com/jrburke/requirejs-bower.git",
  "_target": "2.1.10",
  "_originalSource": "requirejs"
}